epoch,time,train/box_loss,train/cls_loss,train/dfl_loss,train/angle_loss,metrics/precision(B),metrics/recall(B),metrics/mAP50(B),metrics/mAP50-95(B),val/box_loss,val/cls_loss,val/dfl_loss,val/angle_loss,lr/pg0,lr/pg1,lr/pg2,lr/pg3,lr/pg4,lr/pg5,lr/pg6,lr/pg7
1,38.1072,2.08753,2.4897,1.94806,0.23752,0.67292,0.64497,0.6689,0.33841,1.62262,1.23496,2.04499,0.05479,0.00198347,0.000661157,0.00198347,0.000661157,0.00198347,0.000661157,0.00198347,0.000661157
2,75.3911,1.53606,1.15561,1.5463,0.06159,0.73423,0.76472,0.7985,0.47581,1.3296,0.96511,1.69264,0.01109,0.0039677,0.00132257,0.0039677,0.00132257,0.0039677,0.00132257,0.0039677,0.00132257
3,107.199,1.4362,1.02386,1.45519,0.05562,0.76381,0.78516,0.82786,0.53024,1.25011,0.94264,1.58574,0.00806,0.00593608,0.00197869,0.00593608,0.00197869,0.00593608,0.00197869,0.00593608,0.00197869
4,139.301,1.37973,0.96357,1.3963,0.05771,0.7818,0.80646,0.8439,0.54781,1.19963,0.87342,1.51786,0.00884,0.00592872,0.00197624,0.00592872,0.00197624,0.00592872,0.00197624,0.00592872,0.00197624
5,183.301,1.33617,0.92237,1.36785,0.05216,0.78445,0.8135,0.85701,0.54735,1.20425,0.85176,1.48197,0.00788,0.00590496,0.00196832,0.00590496,0.00196832,0.00590496,0.00196832,0.00590496,0.00196832
6,212.683,1.32051,0.90092,1.35748,0.04898,0.779,0.8095,0.85524,0.55851,1.1684,0.86593,1.46248,0.00683,0.0058812,0.0019604,0.0058812,0.0019604,0.0058812,0.0019604,0.0058812,0.0019604
7,243.297,1.29734,0.88039,1.34784,0.04868,0.79515,0.80634,0.86372,0.56403,1.15146,0.82689,1.43868,0.00642,0.00585744,0.00195248,0.00585744,0.00195248,0.00585744,0.00195248,0.00585744,0.00195248
8,273.043,1.2945,0.87015,1.33361,0.0516,0.79342,0.80291,0.86293,0.57773,1.13993,0.8323,1.41211,0.00584,0.00583368,0.00194456,0.00583368,0.00194456,0.00583368,0.00194456,0.00583368,0.00194456
9,302.689,1.27085,0.85289,1.31871,0.05236,0.79396,0.81895,0.86972,0.58338,1.12164,0.78336,1.40419,0.00555,0.00580992,0.00193664,0.00580992,0.00193664,0.00580992,0.00193664,0.00580992,0.00193664
10,387.943,1.26482,0.84266,1.31658,0.05229,0.80216,0.80132,0.86802,0.58209,1.11673,0.792,1.41138,0.00614,0.00578616,0.00192872,0.00578616,0.00192872,0.00578616,0.00192872,0.00578616,0.00192872
11,418.979,1.2482,0.83382,1.31055,0.04937,0.80748,0.81099,0.8728,0.58594,1.11235,0.78238,1.3924,0.00576,0.0057624,0.0019208,0.0057624,0.0019208,0.0057624,0.0019208,0.0057624,0.0019208
12,448.734,1.23848,0.82483,1.30069,0.05018,0.81239,0.80783,0.87593,0.58764,1.10146,0.77513,1.39125,0.0054,0.00573864,0.00191288,0.00573864,0.00191288,0.00573864,0.00191288,0.00573864,0.00191288
13,477.398,1.23478,0.82172,1.30285,0.04919,0.81393,0.80891,0.87877,0.58093,1.11261,0.78968,1.39845,0.00477,0.00571488,0.00190496,0.00571488,0.00190496,0.00571488,0.00190496,0.00571488,0.00190496
14,507.49,1.21076,0.81049,1.29474,0.04906,0.81782,0.81387,0.8806,0.58873,1.09227,0.75868,1.38375,0.00511,0.00569112,0.00189704,0.00569112,0.00189704,0.00569112,0.00189704,0.00569112,0.00189704
15,581.237,1.20721,0.80212,1.29669,0.04879,0.80968,0.81244,0.87702,0.59242,1.09122,0.77084,1.38708,0.0042,0.00566736,0.00188912,0.00566736,0.00188912,0.00566736,0.00188912,0.00566736,0.00188912
16,611.373,1.21447,0.80851,1.29916,0.05035,0.81871,0.81265,0.88284,0.59713,1.08342,0.7631,1.37806,0.00457,0.0056436,0.0018812,0.0056436,0.0018812,0.0056436,0.0018812,0.0056436,0.0018812
17,640.819,1.20039,0.79814,1.28896,0.05227,0.81904,0.799,0.87455,0.58973,1.08809,0.76424,1.38849,0.00505,0.00561984,0.00187328,0.00561984,0.00187328,0.00561984,0.00187328,0.00561984,0.00187328
18,671.861,1.18548,0.78864,1.29029,0.04881,0.82406,0.79927,0.87707,0.59216,1.0772,0.76079,1.3842,0.00423,0.00559608,0.00186536,0.00559608,0.00186536,0.00559608,0.00186536,0.00559608,0.00186536
19,700.423,1.19198,0.79027,1.28761,0.04856,0.82932,0.80867,0.88107,0.59883,1.07446,0.75283,1.37414,0.0043,0.00557232,0.00185744,0.00557232,0.00185744,0.00557232,0.00185744,0.00557232,0.00185744
20,728.882,1.17621,0.78091,1.27926,0.04791,0.81833,0.80903,0.87488,0.59722,1.08284,0.7571,1.37326,0.00415,0.00554856,0.00184952,0.00554856,0.00184952,0.00554856,0.00184952,0.00554856,0.00184952
21,757.47,1.17,0.77533,1.27482,0.04538,0.83542,0.8001,0.87927,0.59294,1.08568,0.76722,1.39593,0.00398,0.0055248,0.0018416,0.0055248,0.0018416,0.0055248,0.0018416,0.0055248,0.0018416
22,788.019,1.16052,0.76917,1.28053,0.04657,0.81902,0.80049,0.86971,0.59285,1.08055,0.76556,1.37431,0.00484,0.00550104,0.00183368,0.00550104,0.00183368,0.00550104,0.00183368,0.00550104,0.00183368
23,818.105,1.16015,0.76777,1.27423,0.04854,0.82132,0.80708,0.87903,0.59644,1.08081,0.75975,1.38679,0.00377,0.00547728,0.00182576,0.00547728,0.00182576,0.00547728,0.00182576,0.00547728,0.00182576
24,848.578,1.16578,0.76984,1.27489,0.05384,0.83042,0.8154,0.88621,0.60129,1.08221,0.74635,1.39132,0.0046,0.00545352,0.00181784,0.00545352,0.00181784,0.00545352,0.00181784,0.00545352,0.00181784
25,877.129,1.15165,0.76068,1.27384,0.04647,0.82703,0.80634,0.87675,0.59945,1.0676,0.76491,1.37561,0.00364,0.00542976,0.00180992,0.00542976,0.00180992,0.00542976,0.00180992,0.00542976,0.00180992
26,981.226,1.16009,0.76846,1.27221,0.04571,0.83935,0.81344,0.88532,0.60071,1.07496,0.7342,1.39127,0.00374,0.005406,0.001802,0.005406,0.001802,0.005406,0.001802,0.005406,0.001802
27,1013.28,1.15612,0.76267,1.26779,0.05061,0.83407,0.81662,0.88446,0.59693,1.07543,0.73982,1.38295,0.00435,0.00538224,0.00179408,0.00538224,0.00179408,0.00538224,0.00179408,0.00538224,0.00179408
28,1042.08,1.149,0.75774,1.26508,0.04985,0.8352,0.8189,0.88594,0.59776,1.07207,0.73767,1.38286,0.00413,0.00535848,0.00178616,0.00535848,0.00178616,0.00535848,0.00178616,0.00535848,0.00178616
29,1070.89,1.13983,0.75132,1.26367,0.04661,0.84016,0.80193,0.88005,0.59864,1.0715,0.73949,1.37473,0.00346,0.00533472,0.00177824,0.00533472,0.00177824,0.00533472,0.00177824,0.00533472,0.00177824
30,1100.3,1.13152,0.74638,1.26336,0.04506,0.8337,0.81026,0.88239,0.60143,1.0695,0.72594,1.38648,0.00427,0.00531096,0.00177032,0.00531096,0.00177032,0.00531096,0.00177032,0.00531096,0.00177032
31,1174.59,1.13696,0.74817,1.27412,0.04608,0.83845,0.8116,0.87881,0.59852,1.07826,0.72857,1.36745,0.004,0.0052872,0.0017624,0.0052872,0.0017624,0.0052872,0.0017624,0.0052872,0.0017624
32,1246.57,1.12481,0.74131,1.25583,0.04472,0.84139,0.80977,0.88369,0.60329,1.06864,0.73617,1.37688,0.00382,0.00526344,0.00175448,0.00526344,0.00175448,0.00526344,0.00175448,0.00526344,0.00175448
33,1276.71,1.11423,0.73422,1.25236,0.0451,0.83799,0.80479,0.87669,0.59911,1.07457,0.73593,1.36005,0.00335,0.00523968,0.00174656,0.00523968,0.00174656,0.00523968,0.00174656,0.00523968,0.00174656
34,1305.4,1.12263,0.7381,1.26554,0.04459,0.83404,0.80962,0.88242,0.60148,1.06987,0.7378,1.38867,0.00371,0.00521592,0.00173864,0.00521592,0.00173864,0.00521592,0.00173864,0.00521592,0.00173864
35,1335.32,1.10767,0.73291,1.25578,0.0432,0.84389,0.80083,0.88054,0.60163,1.07866,0.74137,1.39236,0.00365,0.00519216,0.00173072,0.00519216,0.00173072,0.00519216,0.00173072,0.00519216,0.00173072
36,1365.54,1.11394,0.73151,1.26282,0.04285,0.84095,0.80708,0.8831,0.60082,1.0722,0.73719,1.37607,0.00347,0.0051684,0.0017228,0.0051684,0.0017228,0.0051684,0.0017228,0.0051684,0.0017228
37,1401.68,1.10672,0.73004,1.25727,0.04179,0.82404,0.79263,0.85938,0.58888,1.08626,0.75534,1.38937,0.00371,0.00514464,0.00171488,0.00514464,0.00171488,0.00514464,0.00171488,0.00514464,0.00171488
38,1430.42,1.10366,0.72632,1.25217,0.04076,0.83212,0.80854,0.8774,0.60132,1.0782,0.74314,1.37583,0.00374,0.00512088,0.00170696,0.00512088,0.00170696,0.00512088,0.00170696,0.00512088,0.00170696
39,1459.14,1.10827,0.72933,1.2526,0.04356,0.83802,0.81528,0.88364,0.60427,1.06413,0.7258,1.3833,0.00371,0.00509712,0.00169904,0.00509712,0.00169904,0.00509712,0.00169904,0.00509712,0.00169904
40,1489.14,1.09596,0.7211,1.25753,0.03936,0.83156,0.81234,0.8799,0.59995,1.07157,0.724,1.38686,0.0035,0.00507336,0.00169112,0.00507336,0.00169112,0.00507336,0.00169112,0.00507336,0.00169112
41,1524.89,1.09725,0.71969,1.25074,0.04174,0.84445,0.80499,0.88327,0.60396,1.07785,0.74285,1.39121,0.00382,0.0050496,0.0016832,0.0050496,0.0016832,0.0050496,0.0016832,0.0050496,0.0016832
42,1556.05,1.09055,0.71654,1.25389,0.04049,0.83085,0.80816,0.87516,0.59498,1.08892,0.7422,1.38677,0.00353,0.00502584,0.00167528,0.00502584,0.00167528,0.00502584,0.00167528,0.00502584,0.00167528
43,1585.18,1.09877,0.719,1.25606,0.03859,0.84087,0.81504,0.88108,0.6014,1.079,0.72222,1.39015,0.00355,0.00500208,0.00166736,0.00500208,0.00166736,0.00500208,0.00166736,0.00500208,0.00166736
44,1616.44,1.08188,0.71024,1.24867,0.03778,0.84148,0.82006,0.88425,0.60214,1.08785,0.72688,1.39952,0.00367,0.00497832,0.00165944,0.00497832,0.00165944,0.00497832,0.00165944,0.00497832,0.00165944
45,1646.26,1.07737,0.70499,1.24829,0.03989,0.83928,0.81567,0.88166,0.60057,1.08456,0.72523,1.39145,0.0034,0.00495456,0.00165152,0.00495456,0.00165152,0.00495456,0.00165152,0.00495456,0.00165152
46,1675.11,1.09722,0.7196,1.25093,0.04252,0.83963,0.80867,0.88121,0.59538,1.08607,0.72838,1.40587,0.00337,0.0049308,0.0016436,0.0049308,0.0016436,0.0049308,0.0016436,0.0049308,0.0016436
47,1824.75,1.08303,0.71073,1.24265,0.04032,0.83232,0.8274,0.8845,0.60349,1.08726,0.7271,1.3977,0.00317,0.00490704,0.00163568,0.00490704,0.00163568,0.00490704,0.00163568,0.00490704,0.00163568
48,1855.74,1.07847,0.70682,1.24816,0.03695,0.84747,0.79483,0.87776,0.59706,1.09062,0.7385,1.38997,0.00369,0.00488328,0.00162776,0.00488328,0.00162776,0.00488328,0.00162776,0.00488328,0.00162776
49,1885.16,1.0761,0.70444,1.24489,0.03636,0.83246,0.8116,0.87529,0.59545,1.09586,0.73506,1.39784,0.00333,0.00485952,0.00161984,0.00485952,0.00161984,0.00485952,0.00161984,0.00485952,0.00161984
50,1918.48,1.07517,0.70206,1.23952,0.03707,0.83346,0.81478,0.87905,0.59763,1.09331,0.72751,1.40144,0.00309,0.00483576,0.00161192,0.00483576,0.00161192,0.00483576,0.00161192,0.00483576,0.00161192
51,1947.98,1.07095,0.7024,1.24119,0.03705,0.82243,0.8176,0.87233,0.59184,1.10257,0.73637,1.40815,0.00357,0.004812,0.001604,0.004812,0.001604,0.004812,0.001604,0.004812,0.001604
52,1976.84,1.07272,0.7026,1.245,0.03674,0.83471,0.81846,0.87665,0.59216,1.10296,0.73757,1.41335,0.00353,0.00478824,0.00159608,0.00478824,0.00159608,0.00478824,0.00159608,0.00478824,0.00159608
53,2006.2,1.0631,0.69377,1.23701,0.03704,0.84194,0.80467,0.87234,0.59826,1.09043,0.73709,1.38482,0.00346,0.00476448,0.00158816,0.00476448,0.00158816,0.00476448,0.00158816,0.00476448,0.00158816
54,2035.14,1.07239,0.69882,1.23709,0.036,0.83726,0.81283,0.87743,0.59882,1.09474,0.72564,1.40223,0.00332,0.00474072,0.00158024,0.00474072,0.00158024,0.00474072,0.00158024,0.00474072,0.00158024
55,2064.38,1.05571,0.68916,1.23666,0.03722,0.83296,0.81674,0.87736,0.59426,1.09883,0.73541,1.40843,0.00335,0.00471696,0.00157232,0.00471696,0.00157232,0.00471696,0.00157232,0.00471696,0.00157232
56,2093.82,1.04696,0.68342,1.23242,0.03613,0.83464,0.80304,0.86866,0.58938,1.10297,0.73614,1.40381,0.00318,0.0046932,0.0015644,0.0046932,0.0015644,0.0046932,0.0015644,0.0046932,0.0015644
57,2218.84,1.05752,0.68858,1.23948,0.03558,0.84342,0.81234,0.87831,0.60197,1.0866,0.72869,1.39127,0.00306,0.00466944,0.00155648,0.00466944,0.00155648,0.00466944,0.00155648,0.00466944,0.00155648
58,2248.77,1.0549,0.68565,1.23737,0.0388,0.82787,0.81662,0.87564,0.59349,1.10436,0.73704,1.4142,0.00355,0.00464568,0.00154856,0.00464568,0.00154856,0.00464568,0.00154856,0.00464568,0.00154856
59,2279.15,1.0631,0.69167,1.23033,0.03636,0.83388,0.81356,0.87422,0.59202,1.10769,0.73092,1.41736,0.00351,0.00462192,0.00154064,0.00462192,0.00154064,0.00462192,0.00154064,0.00462192,0.00154064
60,2308.02,1.04062,0.68048,1.23459,0.03498,0.83677,0.81264,0.87325,0.59755,1.09407,0.73173,1.40625,0.00316,0.00459816,0.00153272,0.00459816,0.00153272,0.00459816,0.00153272,0.00459816,0.00153272
61,2336.52,1.05376,0.68323,1.23032,0.03676,0.83364,0.82164,0.87731,0.59629,1.10834,0.73401,1.41597,0.00341,0.0045744,0.0015248,0.0045744,0.0015248,0.0045744,0.0015248,0.0045744,0.0015248
62,2365.21,1.0452,0.67854,1.23692,0.03421,0.84134,0.8095,0.8737,0.59418,1.10722,0.72561,1.41301,0.0033,0.00455064,0.00151688,0.00455064,0.00151688,0.00455064,0.00151688,0.00455064,0.00151688
63,2408.82,1.04483,0.67567,1.2303,0.03335,0.84193,0.82225,0.88282,0.60383,1.10104,0.71513,1.41359,0.00345,0.00452688,0.00150896,0.00452688,0.00150896,0.00452688,0.00150896,0.00452688,0.00150896
64,2437.38,1.03454,0.67429,1.2238,0.03554,0.82611,0.81944,0.87092,0.58813,1.1289,0.73099,1.44716,0.00302,0.00450312,0.00150104,0.00450312,0.00150104,0.00450312,0.00150104,0.00450312,0.00150104
65,2467.34,1.03115,0.66718,1.2236,0.03423,0.83778,0.81552,0.87348,0.5951,1.09589,0.71934,1.40207,0.00345,0.00447936,0.00149312,0.00447936,0.00149312,0.00447936,0.00149312,0.00447936,0.00149312
66,2496.63,1.04989,0.67846,1.23412,0.03612,0.83084,0.81949,0.8718,0.59338,1.10058,0.71846,1.4069,0.00373,0.0044556,0.0014852,0.0044556,0.0014852,0.0044556,0.0014852,0.0044556,0.0014852
67,2525.29,1.03695,0.67231,1.23087,0.03187,0.83817,0.81981,0.87676,0.59757,1.10328,0.71911,1.41408,0.00321,0.00443184,0.00147728,0.00443184,0.00147728,0.00443184,0.00147728,0.00443184,0.00147728
68,2576.76,1.03741,0.6713,1.22596,0.03783,0.83084,0.81846,0.8735,0.59429,1.10592,0.72211,1.41409,0.0034,0.00440808,0.00146936,0.00440808,0.00146936,0.00440808,0.00146936,0.00440808,0.00146936
69,2608.98,1.02882,0.66792,1.2239,0.03535,0.84364,0.80965,0.87321,0.59573,1.10604,0.72153,1.42176,0.00359,0.00438432,0.00146144,0.00438432,0.00146144,0.00438432,0.00146144,0.00438432,0.00146144
70,2639.95,1.04076,0.67336,1.22373,0.03428,0.8233,0.82649,0.87283,0.59397,1.11024,0.72649,1.42201,0.00352,0.00436056,0.00145352,0.00436056,0.00145352,0.00436056,0.00145352,0.00436056,0.00145352
71,2669.51,1.03175,0.6681,1.22224,0.03397,0.82788,0.82253,0.8721,0.59204,1.11475,0.72652,1.41802,0.00363,0.0043368,0.0014456,0.0043368,0.0014456,0.0043368,0.0014456,0.0043368,0.0014456
72,2698.17,1.03281,0.66698,1.22484,0.03369,0.8417,0.81283,0.8757,0.59444,1.11736,0.72132,1.43727,0.00344,0.00431304,0.00143768,0.00431304,0.00143768,0.00431304,0.00143768,0.00431304,0.00143768
73,2745.14,1.03071,0.66449,1.21745,0.03535,0.83273,0.81515,0.87013,0.59145,1.12044,0.72701,1.43092,0.00339,0.00428928,0.00142976,0.00428928,0.00142976,0.00428928,0.00142976,0.00428928,0.00142976
74,2776.07,1.02088,0.65904,1.22037,0.03195,0.82473,0.82446,0.87458,0.59344,1.11575,0.73058,1.42885,0.00341,0.00426552,0.00142184,0.00426552,0.00142184,0.00426552,0.00142184,0.00426552,0.00142184
75,2806.01,1.02878,0.66418,1.22187,0.03533,0.83092,0.81213,0.87127,0.59198,1.11543,0.72356,1.42298,0.00402,0.00424176,0.00141392,0.00424176,0.00141392,0.00424176,0.00141392,0.00424176,0.00141392
76,2835.56,1.02378,0.65919,1.21285,0.03346,0.83078,0.81393,0.87227,0.59179,1.12374,0.73534,1.43282,0.00385,0.004218,0.001406,0.004218,0.001406,0.004218,0.001406,0.004218,0.001406
77,2864.35,1.0186,0.6574,1.22152,0.03333,0.82981,0.81649,0.87161,0.5905,1.12733,0.73072,1.43392,0.00374,0.00419424,0.00139808,0.00419424,0.00139808,0.00419424,0.00139808,0.00419424,0.00139808
78,2894.87,1.01628,0.65639,1.21776,0.03212,0.832,0.81148,0.87135,0.59206,1.12653,0.74142,1.43563,0.00368,0.00417048,0.00139016,0.00417048,0.00139016,0.00417048,0.00139016,0.00417048,0.00139016
79,2924.02,1.01484,0.65318,1.20952,0.03338,0.82987,0.82262,0.87401,0.58899,1.13398,0.72209,1.44453,0.00352,0.00414672,0.00138224,0.00414672,0.00138224,0.00414672,0.00138224,0.00414672,0.00138224
80,2953.35,1.00973,0.65082,1.21437,0.03335,0.83429,0.81442,0.87098,0.58973,1.13046,0.72858,1.43825,0.00372,0.00412296,0.00137432,0.00412296,0.00137432,0.00412296,0.00137432,0.00412296,0.00137432
81,2983.21,1.01445,0.65249,1.21534,0.0319,0.82261,0.81234,0.8648,0.5832,1.15108,0.7355,1.45142,0.00362,0.0040992,0.0013664,0.0040992,0.0013664,0.0040992,0.0013664,0.0040992,0.0013664
82,3039.52,1.015,0.65339,1.21329,0.03451,0.8303,0.81454,0.86799,0.58658,1.14507,0.72978,1.44836,0.00353,0.00407544,0.00135848,0.00407544,0.00135848,0.00407544,0.00135848,0.00407544,0.00135848
83,3090.32,1.00614,0.65153,1.21148,0.03171,0.82732,0.81638,0.86844,0.58786,1.1352,0.73627,1.43591,0.0037,0.00405168,0.00135056,0.00405168,0.00135056,0.00405168,0.00135056,0.00405168,0.00135056
84,3120.17,1.00079,0.64168,1.21925,0.03103,0.82929,0.81405,0.86663,0.58976,1.13106,0.73277,1.44158,0.00368,0.00402792,0.00134264,0.00402792,0.00134264,0.00402792,0.00134264,0.00402792,0.00134264
85,3152.8,1.0046,0.64654,1.21352,0.03172,0.83817,0.80757,0.86838,0.58924,1.12775,0.71917,1.42998,0.00352,0.00400416,0.00133472,0.00400416,0.00133472,0.00400416,0.00133472,0.00400416,0.00133472
86,3181.67,1.00373,0.64519,1.20744,0.03231,0.83811,0.80039,0.86616,0.58639,1.1309,0.73093,1.43439,0.00357,0.0039804,0.0013268,0.0039804,0.0013268,0.0039804,0.0013268,0.0039804,0.0013268
87,3210.66,0.99701,0.64124,1.21159,0.03306,0.83045,0.8154,0.8705,0.59043,1.12612,0.72696,1.43177,0.0036,0.00395664,0.00131888,0.00395664,0.00131888,0.00395664,0.00131888,0.00395664,0.00131888
88,3255.65,0.99711,0.64157,1.20866,0.03135,0.83283,0.80443,0.86753,0.5856,1.14093,0.733,1.44073,0.00371,0.00393288,0.00131096,0.00393288,0.00131096,0.00393288,0.00131096,0.00393288,0.00131096
89,3285.01,0.99124,0.63534,1.20679,0.03091,0.82347,0.81256,0.86794,0.5871,1.14188,0.73385,1.4414,0.00331,0.00390912,0.00130304,0.00390912,0.00130304,0.00390912,0.00130304,0.00390912,0.00130304
90,3314.18,0.98561,0.63304,1.19803,0.03193,0.83937,0.80818,0.869,0.58633,1.14349,0.73988,1.44173,0.00348,0.00388536,0.00129512,0.00388536,0.00129512,0.00388536,0.00129512,0.00388536,0.00129512
91,3358.77,0.99467,0.63888,1.20912,0.0308,0.83038,0.8143,0.87145,0.58574,1.14471,0.73062,1.44902,0.00346,0.0038616,0.0012872,0.0038616,0.0012872,0.0038616,0.0012872,0.0038616,0.0012872
92,3397.69,0.99284,0.63713,1.2073,0.03161,0.83676,0.80683,0.86991,0.58597,1.1391,0.73065,1.4362,0.00367,0.00383784,0.00127928,0.00383784,0.00127928,0.00383784,0.00127928,0.00383784,0.00127928
93,3428.8,0.98712,0.63435,1.20905,0.02963,0.84624,0.8072,0.87439,0.59233,1.12948,0.7203,1.43533,0.00387,0.00381408,0.00127136,0.00381408,0.00127136,0.00381408,0.00127136,0.00381408,0.00127136
94,3457.53,0.97795,0.62615,1.19918,0.03133,0.83907,0.80546,0.87091,0.58728,1.14055,0.72047,1.44551,0.00386,0.00379032,0.00126344,0.00379032,0.00126344,0.00379032,0.00126344,0.00379032,0.00126344
95,3486.04,0.979,0.63003,1.20298,0.03188,0.82893,0.81562,0.86945,0.5856,1.14382,0.73834,1.45654,0.00351,0.00376656,0.00125552,0.00376656,0.00125552,0.00376656,0.00125552,0.00376656,0.00125552
96,3515.96,0.97613,0.62079,1.20614,0.02987,0.82446,0.80895,0.86324,0.58432,1.14163,0.74279,1.44916,0.00359,0.0037428,0.0012476,0.0037428,0.0012476,0.0037428,0.0012476,0.0037428,0.0012476
97,3651.62,0.97184,0.62447,1.19627,0.02903,0.81753,0.82727,0.87042,0.58301,1.15426,0.73147,1.46543,0.00371,0.00371904,0.00123968,0.00371904,0.00123968,0.00371904,0.00123968,0.00371904,0.00123968
98,3680.52,0.98314,0.62811,1.19883,0.0326,0.82155,0.81993,0.8669,0.58458,1.14342,0.72583,1.45314,0.00365,0.00369528,0.00123176,0.00369528,0.00123176,0.00369528,0.00123176,0.00369528,0.00123176
99,3709.48,0.96692,0.62055,1.19524,0.02889,0.82486,0.81271,0.86548,0.58488,1.14955,0.73943,1.4574,0.00371,0.00367152,0.00122384,0.00367152,0.00122384,0.00367152,0.00122384,0.00367152,0.00122384
100,3739.49,0.97923,0.62539,1.19668,0.0324,0.8289,0.81009,0.86545,0.58162,1.16381,0.73364,1.47182,0.00361,0.00364776,0.00121592,0.00364776,0.00121592,0.00364776,0.00121592,0.00364776,0.00121592
101,3768.71,0.97369,0.62251,1.19543,0.02997,0.83746,0.81124,0.87297,0.58752,1.13832,0.72577,1.45362,0.00366,0.003624,0.001208,0.003624,0.001208,0.003624,0.001208,0.003624,0.001208
102,3797.25,0.96743,0.61754,1.19589,0.02963,0.83293,0.81944,0.86996,0.58977,1.14112,0.7324,1.4541,0.0037,0.00360024,0.00120008,0.00360024,0.00120008,0.00360024,0.00120008,0.00360024,0.00120008
103,3829.39,0.96842,0.62021,1.19289,0.02839,0.82483,0.82252,0.86929,0.58485,1.15166,0.72929,1.46404,0.00369,0.00357648,0.00119216,0.00357648,0.00119216,0.00357648,0.00119216,0.00357648,0.00119216
104,3860.34,0.97158,0.62113,1.19484,0.02851,0.83156,0.81834,0.87001,0.58696,1.15213,0.73193,1.45919,0.00367,0.00355272,0.00118424,0.00355272,0.00118424,0.00355272,0.00118424,0.00355272,0.00118424
105,3889.45,0.96258,0.61496,1.19283,0.0307,0.82962,0.81711,0.8695,0.58601,1.14952,0.72537,1.46643,0.00352,0.00352896,0.00117632,0.00352896,0.00117632,0.00352896,0.00117632,0.00352896,0.00117632
106,3919.46,0.96784,0.61514,1.19222,0.03089,0.84287,0.80897,0.87334,0.58862,1.15593,0.72936,1.47095,0.00359,0.0035052,0.0011684,0.0035052,0.0011684,0.0035052,0.0011684,0.0035052,0.0011684
107,3950.86,0.96176,0.61527,1.19034,0.03006,0.82784,0.81797,0.87014,0.58296,1.16469,0.72685,1.47963,0.00347,0.00348144,0.00116048,0.00348144,0.00116048,0.00348144,0.00116048,0.00348144,0.00116048
